INSERT OR REPLACE INTO stock_fundamentals (ticker, data, updated_at) VALUES ('XYLD', '{"name":"Global X S&P 500® Covered Call ETF","sector":null,"isETF":true,"divYield":10.46,"annualDiv":null,"payout":null,"marketCap":null,"g5":null,"streak":0,"eps":null,"revenue":null,"ticker":"XYLD"}', '2026-03-04T16:51:13.254Z');
INSERT OR REPLACE INTO stock_fundamentals (ticker, data, updated_at) VALUES ('ZROZ', '{"name":"PIMCO 25+ Year Zero Coupon U.S. Treasury Index Exchange-Traded Fund","sector":null,"isETF":true,"divYield":4.99,"annualDiv":null,"payout":null,"marketCap":null,"g5":null,"streak":0,"eps":null,"revenue":null,"ticker":"ZROZ"}', '2026-03-04T16:51:13.512Z');
INSERT OR REPLACE INTO price_history (ticker, month, price) VALUES ('XYLD', '2013-06', 15.37),
('XYLD', '2013-07', 15.95),
('XYLD', '2013-08', 15.49),
('XYLD', '2013-09', 15.86),
('XYLD', '2013-10', 16.51),
('XYLD', '2013-11', 16.90),
('XYLD', '2013-12', 17.21),
('XYLD', '2014-01', 16.73),
('XYLD', '2014-02', 17.39),
('XYLD', '2014-03', 17.49),
('XYLD', '2014-04', 17.55),
('XYLD', '2014-05', 17.88),
('XYLD', '2014-06', 18.14),
('XYLD', '2014-07', 17.91),
('XYLD', '2014-08', 18.47),
('XYLD', '2014-09', 18.32),
('XYLD', '2014-10', 18.32),
('XYLD', '2014-11', 18.52),
('XYLD', '2014-12', 18.52),
('XYLD', '2015-01', 18.07),
('XYLD', '2015-02', 18.80),
('XYLD', '2015-03', 18.50),
('XYLD', '2015-04', 18.69),
('XYLD', '2015-05', 18.87),
('XYLD', '2015-06', 18.56),
('XYLD', '2015-07', 18.89),
('XYLD', '2015-08', 17.80),
('XYLD', '2015-09', 17.14),
('XYLD', '2015-10', 18.69),
('XYLD', '2015-11', 18.73),
('XYLD', '2015-12', 18.63),
('XYLD', '2016-01', 17.22),
('XYLD', '2016-02', 17.72),
('XYLD', '2016-03', 18.53),
('XYLD', '2016-04', 18.58),
('XYLD', '2016-05', 18.90),
('XYLD', '2016-06', 18.95),
('XYLD', '2016-07', 19.49),
('XYLD', '2016-08', 19.51),
('XYLD', '2016-09', 19.54),
('XYLD', '2016-10', 19.31),
('XYLD', '2016-11', 19.73),
('XYLD', '2016-12', 20.04),
('XYLD', '2017-01', 20.41),
('XYLD', '2017-02', 20.98),
('XYLD', '2017-03', 20.99),
('XYLD', '2017-04', 21.28),
('XYLD', '2017-05', 21.54),
('XYLD', '2017-06', 21.62),
('XYLD', '2017-07', 21.91),
('XYLD', '2017-08', 21.96),
('XYLD', '2017-09', 22.25),
('XYLD', '2017-10', 22.61),
('XYLD', '2017-11', 23.06),
('XYLD', '2017-12', 23.35),
('XYLD', '2018-01', 23.96),
('XYLD', '2018-02', 23.41),
('XYLD', '2018-03', 22.69),
('XYLD', '2018-04', 23.12),
('XYLD', '2018-05', 23.63),
('XYLD', '2018-06', 23.92),
('XYLD', '2018-07', 24.72),
('XYLD', '2018-08', 25.33),
('XYLD', '2018-09', 25.28),
('XYLD', '2018-10', 24.24),
('XYLD', '2018-11', 24.15),
('XYLD', '2018-12', 21.93),
('XYLD', '2019-01', 22.99),
('XYLD', '2019-02', 23.47),
('XYLD', '2019-03', 23.99),
('XYLD', '2019-04', 24.71),
('XYLD', '2019-05', 23.35),
('XYLD', '2019-06', 24.90),
('XYLD', '2019-07', 25.42),
('XYLD', '2019-08', 24.96),
('XYLD', '2019-09', 25.20),
('XYLD', '2019-10', 25.70),
('XYLD', '2019-11', 26.23),
('XYLD', '2019-12', 26.62),
('XYLD', '2020-01', 26.55),
('XYLD', '2020-02', 24.35),
('XYLD', '2020-03', 20.38),
('XYLD', '2020-04', 21.97),
('XYLD', '2020-05', 22.71),
('XYLD', '2020-06', 23.00),
('XYLD', '2020-07', 23.89),
('XYLD', '2020-08', 24.68),
('XYLD', '2020-09', 24.75),
('XYLD', '2020-10', 24.00),
('XYLD', '2020-11', 26.06),
('XYLD', '2020-12', 26.47),
('XYLD', '2021-01', 26.58),
('XYLD', '2021-02', 26.79),
('XYLD', '2021-03', 28.02),
('XYLD', '2021-04', 28.24),
('XYLD', '2021-05', 28.72),
('XYLD', '2021-06', 29.38),
('XYLD', '2021-07', 29.49),
('XYLD', '2021-08', 30.27),
('XYLD', '2021-09', 29.72),
('XYLD', '2021-10', 31.08),
('XYLD', '2021-11', 30.56),
('XYLD', '2021-12', 31.66),
('XYLD', '2022-01', 30.92),
('XYLD', '2022-02', 30.71),
('XYLD', '2022-03', 31.99),
('XYLD', '2022-04', 30.42),
('XYLD', '2022-05', 29.28),
('XYLD', '2022-06', 28.42),
('XYLD', '2022-07', 29.52),
('XYLD', '2022-08', 28.01),
('XYLD', '2022-09', 26.15),
('XYLD', '2022-10', 27.72),
('XYLD', '2022-11', 28.29),
('XYLD', '2022-12', 27.84),
('XYLD', '2023-01', 29.08),
('XYLD', '2023-02', 28.99),
('XYLD', '2023-03', 29.52),
('XYLD', '2023-04', 29.80),
('XYLD', '2023-05', 30.11),
('XYLD', '2023-06', 30.66),
('XYLD', '2023-07', 31.09),
('XYLD', '2023-08', 30.59),
('XYLD', '2023-09', 29.77),
('XYLD', '2023-10', 29.53),
('XYLD', '2023-11', 30.34),
('XYLD', '2023-12', 30.94),
('XYLD', '2024-01', 31.49),
('XYLD', '2024-02', 32.01),
('XYLD', '2024-03', 32.75),
('XYLD', '2024-04', 32.32),
('XYLD', '2024-05', 32.66),
('XYLD', '2024-06', 33.20),
('XYLD', '2024-07', 33.53),
('XYLD', '2024-08', 34.51),
('XYLD', '2024-09', 34.97),
('XYLD', '2024-10', 34.75),
('XYLD', '2024-11', 36.15),
('XYLD', '2024-12', 36.96),
('XYLD', '2025-01', 37.70),
('XYLD', '2025-02', 37.48),
('XYLD', '2025-03', 35.75),
('XYLD', '2025-04', 35.07),
('XYLD', '2025-05', 35.39),
('XYLD', '2025-06', 36.34),
('XYLD', '2025-07', 36.60),
('XYLD', '2025-08', 36.94),
('XYLD', '2025-09', 37.52),
('XYLD', '2025-10', 38.45),
('XYLD', '2025-11', 39.31),
('XYLD', '2025-12', 39.94),
('XYLD', '2026-01', 40.40),
('XYLD', '2026-02', 40.73),
('XYLD', '2026-03', 40.52);
INSERT OR REPLACE INTO price_history (ticker, month, price) VALUES ('ZROZ', '2009-11', 46.56),
('ZROZ', '2009-12', 42.08),
('ZROZ', '2010-01', 42.88),
('ZROZ', '2010-02', 42.79),
('ZROZ', '2010-03', 40.69),
('ZROZ', '2010-04', 43.26),
('ZROZ', '2010-05', 47.36),
('ZROZ', '2010-06', 52.05),
('ZROZ', '2010-07', 50.34),
('ZROZ', '2010-08', 57.57),
('ZROZ', '2010-09', 54.43),
('ZROZ', '2010-10', 49.03),
('ZROZ', '2010-11', 47.89),
('ZROZ', '2010-12', 46.27),
('ZROZ', '2011-01', 42.58),
('ZROZ', '2011-02', 44.31),
('ZROZ', '2011-03', 44.18),
('ZROZ', '2011-04', 45.78),
('ZROZ', '2011-05', 48.07),
('ZROZ', '2011-06', 45.64),
('ZROZ', '2011-07', 48.73),
('ZROZ', '2011-08', 57.60),
('ZROZ', '2011-09', 72.58),
('ZROZ', '2011-10', 67.93),
('ZROZ', '2011-11', 70.26),
('ZROZ', '2011-12', 74.19),
('ZROZ', '2012-01', 72.50),
('ZROZ', '2012-02', 70.12),
('ZROZ', '2012-03', 65.12),
('ZROZ', '2012-04', 69.64),
('ZROZ', '2012-05', 80.07),
('ZROZ', '2012-06', 78.21),
('ZROZ', '2012-07', 83.11),
('ZROZ', '2012-08', 80.77),
('ZROZ', '2012-09', 77.46),
('ZROZ', '2012-10', 76.78),
('ZROZ', '2012-11', 78.00),
('ZROZ', '2012-12', 74.91),
('ZROZ', '2013-01', 71.12),
('ZROZ', '2013-02', 72.01),
('ZROZ', '2013-03', 71.27),
('ZROZ', '2013-04', 77.04),
('ZROZ', '2013-05', 69.09),
('ZROZ', '2013-06', 65.87),
('ZROZ', '2013-07', 63.27),
('ZROZ', '2013-08', 62.42),
('ZROZ', '2013-09', 62.11),
('ZROZ', '2013-10', 63.30),
('ZROZ', '2013-11', 60.16),
('ZROZ', '2013-12', 59.24),
('ZROZ', '2014-01', 65.25),
('ZROZ', '2014-02', 65.83),
('ZROZ', '2014-03', 67.00),
('ZROZ', '2014-04', 69.29),
('ZROZ', '2014-05', 72.52),
('ZROZ', '2014-06', 72.46),
('ZROZ', '2014-07', 73.43),
('ZROZ', '2014-08', 79.00),
('ZROZ', '2014-09', 75.89),
('ZROZ', '2014-10', 79.19),
('ZROZ', '2014-11', 82.47),
('ZROZ', '2014-12', 87.52),
('ZROZ', '2015-01', 101.53),
('ZROZ', '2015-02', 91.31),
('ZROZ', '2015-03', 92.37),
('ZROZ', '2015-04', 87.13),
('ZROZ', '2015-05', 83.50),
('ZROZ', '2015-06', 77.89),
('ZROZ', '2015-07', 83.48),
('ZROZ', '2015-08', 82.72),
('ZROZ', '2015-09', 84.46),
('ZROZ', '2015-10', 84.06),
('ZROZ', '2015-11', 83.04),
('ZROZ', '2015-12', 82.16),
('ZROZ', '2016-01', 89.67),
('ZROZ', '2016-02', 93.33),
('ZROZ', '2016-03', 93.43),
('ZROZ', '2016-04', 91.76),
('ZROZ', '2016-05', 93.00),
('ZROZ', '2016-06', 102.37),
('ZROZ', '2016-07', 106.26),
('ZROZ', '2016-08', 105.64),
('ZROZ', '2016-09', 102.54),
('ZROZ', '2016-10', 95.57),
('ZROZ', '2016-11', 84.28),
('ZROZ', '2016-12', 83.85),
('ZROZ', '2017-01', 84.76),
('ZROZ', '2017-02', 86.74),
('ZROZ', '2017-03', 85.71),
('ZROZ', '2017-04', 86.83),
('ZROZ', '2017-05', 89.72),
('ZROZ', '2017-06', 91.11),
('ZROZ', '2017-07', 89.67),
('ZROZ', '2017-08', 94.31),
('ZROZ', '2017-09', 91.16),
('ZROZ', '2017-10', 91.50),
('ZROZ', '2017-11', 92.68),
('ZROZ', '2017-12', 96.24),
('ZROZ', '2018-01', 91.62),
('ZROZ', '2018-02', 87.06),
('ZROZ', '2018-03', 91.11),
('ZROZ', '2018-04', 88.23),
('ZROZ', '2018-05', 91.16),
('ZROZ', '2018-06', 92.06),
('ZROZ', '2018-07', 90.07),
('ZROZ', '2018-08', 91.65),
('ZROZ', '2018-09', 87.60),
('ZROZ', '2018-10', 82.53),
('ZROZ', '2018-11', 84.79),
('ZROZ', '2018-12', 91.80),
('ZROZ', '2019-01', 92.41),
('ZROZ', '2019-02', 90.34),
('ZROZ', '2019-03', 97.62),
('ZROZ', '2019-04', 94.49),
('ZROZ', '2019-05', 104.81),
('ZROZ', '2019-06', 105.36),
('ZROZ', '2019-07', 105.90),
('ZROZ', '2019-08', 124.53),
('ZROZ', '2019-09', 119.36),
('ZROZ', '2019-10', 117.48),
('ZROZ', '2019-11', 116.98),
('ZROZ', '2019-12', 111.28),
('ZROZ', '2020-01', 123.69),
('ZROZ', '2020-02', 135.88),
('ZROZ', '2020-03', 145.84),
('ZROZ', '2020-04', 149.72),
('ZROZ', '2020-05', 144.28),
('ZROZ', '2020-06', 145.03),
('ZROZ', '2020-07', 154.92),
('ZROZ', '2020-08', 143.23),
('ZROZ', '2020-09', 143.98),
('ZROZ', '2020-10', 136.93),
('ZROZ', '2020-11', 140.66),
('ZROZ', '2020-12', 138.62),
('ZROZ', '2021-01', 131.10),
('ZROZ', '2021-02', 119.81),
('ZROZ', '2021-03', 111.90),
('ZROZ', '2021-04', 115.95),
('ZROZ', '2021-05', 116.15),
('ZROZ', '2021-06', 123.70),
('ZROZ', '2021-07', 130.14),
('ZROZ', '2021-08', 129.63),
('ZROZ', '2021-09', 124.56),
('ZROZ', '2021-10', 130.35),
('ZROZ', '2021-11', 135.53),
('ZROZ', '2021-12', 131.38),
('ZROZ', '2022-01', 125.54),
('ZROZ', '2022-02', 122.05),
('ZROZ', '2022-03', 114.40),
('ZROZ', '2022-04', 99.03),
('ZROZ', '2022-05', 95.08),
('ZROZ', '2022-06', 93.87),
('ZROZ', '2022-07', 95.90),
('ZROZ', '2022-08', 91.07),
('ZROZ', '2022-09', 81.14),
('ZROZ', '2022-10', 72.72),
('ZROZ', '2022-11', 79.97),
('ZROZ', '2022-12', 77.14),
('ZROZ', '2023-01', 85.28),
('ZROZ', '2023-02', 80.06),
('ZROZ', '2023-03', 84.62),
('ZROZ', '2023-04', 84.67),
('ZROZ', '2023-05', 80.77),
('ZROZ', '2023-06', 81.93),
('ZROZ', '2023-07', 78.59),
('ZROZ', '2023-08', 74.54),
('ZROZ', '2023-09', 65.30),
('ZROZ', '2023-10', 59.32),
('ZROZ', '2023-11', 68.82),
('ZROZ', '2023-12', 78.06),
('ZROZ', '2024-01', 73.74),
('ZROZ', '2024-02', 71.79),
('ZROZ', '2024-03', 72.50),
('ZROZ', '2024-04', 65.05),
('ZROZ', '2024-05', 67.70),
('ZROZ', '2024-06', 69.40),
('ZROZ', '2024-07', 72.62),
('ZROZ', '2024-08', 75.30),
('ZROZ', '2024-09', 76.96),
('ZROZ', '2024-10', 71.22),
('ZROZ', '2024-11', 72.91),
('ZROZ', '2024-12', 65.46),
('ZROZ', '2025-01', 64.77),
('ZROZ', '2025-02', 70.31),
('ZROZ', '2025-03', 68.33),
('ZROZ', '2025-04', 66.20),
('ZROZ', '2025-05', 62.21),
('ZROZ', '2025-06', 64.68),
('ZROZ', '2025-07', 63.31),
('ZROZ', '2025-08', 62.05),
('ZROZ', '2025-09', 66.32),
('ZROZ', '2025-10', 67.81),
('ZROZ', '2025-11', 67.45),
('ZROZ', '2025-12', 64.25),
('ZROZ', '2026-01', 63.69),
('ZROZ', '2026-02', 68.35),
('ZROZ', '2026-03', 67.17);
INSERT OR IGNORE INTO dividend_history (ticker, date, amount) VALUES ('XYLD', '2013-07-24', 0.0392),
('XYLD', '2013-08-22', 0.1514),
('XYLD', '2013-09-25', 0.0500),
('XYLD', '2013-10-23', 0.0348),
('XYLD', '2013-11-21', 0.0651),
('XYLD', '2013-12-26', 0.7582),
('XYLD', '2014-01-23', 0.0194),
('XYLD', '2014-02-26', 0.1346),
('XYLD', '2014-03-26', 0.0464),
('XYLD', '2014-04-23', 0.0331),
('XYLD', '2014-05-22', 0.0797),
('XYLD', '2014-06-25', 0.0517),
('XYLD', '2014-07-23', 0.0357),
('XYLD', '2014-08-21', 0.2048),
('XYLD', '2014-09-24', 0.1708),
('XYLD', '2014-10-23', 0.2500),
('XYLD', '2014-11-26', 0.1830),
('XYLD', '2014-12-24', 0.6840),
('XYLD', '2015-01-22', 0.1939),
('XYLD', '2015-02-25', 0.0667),
('XYLD', '2015-03-25', 0.0692),
('XYLD', '2015-04-22', 0.1310),
('XYLD', '2015-05-20', 0.0711),
('XYLD', '2015-06-24', 0.1894),
('XYLD', '2015-07-22', 0.0575),
('XYLD', '2015-08-26', 0.3699),
('XYLD', '2015-09-23', 0.3964),
('XYLD', '2015-10-21', 0.0400),
('XYLD', '2015-11-25', 0.0847),
('XYLD', '2015-12-23', 0.3657),
('XYLD', '2016-01-21', 0.3345),
('XYLD', '2016-02-24', 0.0800),
('XYLD', '2016-03-23', 0.0740),
('XYLD', '2016-04-20', 0.0166),
('XYLD', '2016-05-25', 0.2670),
('XYLD', '2016-06-22', 0.0912),
('XYLD', '2016-07-20', 0.0318),
('XYLD', '2016-08-24', 0.0756),
('XYLD', '2016-09-21', 0.1985),
('XYLD', '2016-10-26', 0.1760),
('XYLD', '2016-11-23', 0.0766),
('XYLD', '2016-12-21', 0.0500),
('XYLD', '2017-01-25', 0.2266),
('XYLD', '2017-02-23', 0.0604),
('XYLD', '2017-03-22', 0.0615),
('XYLD', '2017-04-26', 0.2228),
('XYLD', '2017-05-24', 0.0770),
('XYLD', '2017-06-21', 0.0543),
('XYLD', '2017-07-26', 0.0544),
('XYLD', '2017-08-23', 0.2468),
('XYLD', '2017-09-20', 0.0603),
('XYLD', '2017-10-25', 0.0375),
('XYLD', '2017-11-22', 0.0671),
('XYLD', '2017-12-20', 1.4350),
('XYLD', '2018-01-24', 0.2586),
('XYLD', '2018-02-21', 0.2498),
('XYLD', '2018-03-21', 0.2493),
('XYLD', '2018-04-25', 0.2451),
('XYLD', '2018-05-23', 0.2505),
('XYLD', '2018-06-20', 0.2543),
('XYLD', '2018-07-25', 0.2564),
('XYLD', '2018-08-22', 0.2601),
('XYLD', '2018-09-26', 0.2622),
('XYLD', '2018-10-24', 0.2475),
('XYLD', '2018-11-21', 0.2330),
('XYLD', '2018-12-28', 0.3875),
('XYLD', '2019-01-23', 0.2266),
('XYLD', '2019-02-20', 0.2351),
('XYLD', '2019-03-20', 0.2393),
('XYLD', '2019-04-24', 0.2450),
('XYLD', '2019-05-22', 0.2400),
('XYLD', '2019-06-26', 0.2439),
('XYLD', '2019-07-24', 0.2506),
('XYLD', '2019-08-21', 0.2416),
('XYLD', '2019-09-25', 0.2434),
('XYLD', '2019-10-23', 0.2452),
('XYLD', '2019-11-20', 0.2506),
('XYLD', '2019-12-30', 0.2556),
('XYLD', '2020-01-21', 0.2592),
('XYLD', '2020-02-24', 0.2600),
('XYLD', '2020-03-23', 0.1827),
('XYLD', '2020-04-20', 0.2030),
('XYLD', '2020-05-18', 0.2066),
('XYLD', '2020-06-22', 0.2094),
('XYLD', '2020-07-20', 0.2177),
('XYLD', '2020-08-24', 0.3920),
('XYLD', '2020-09-21', 0.4449),
('XYLD', '2020-10-19', 0.4522),
('XYLD', '2020-11-23', 0.4493),
('XYLD', '2020-12-30', 0.4036),
('XYLD', '2021-01-19', 0.4763),
('XYLD', '2021-02-22', 0.3596),
('XYLD', '2021-03-22', 0.4198),
('XYLD', '2021-04-19', 0.3610),
('XYLD', '2021-05-24', 0.3334),
('XYLD', '2021-06-21', 0.3865),
('XYLD', '2021-07-19', 0.3366),
('XYLD', '2021-08-23', 0.3728),
('XYLD', '2021-09-20', 0.3700),
('XYLD', '2021-10-18', 0.3451),
('XYLD', '2021-11-22', 0.3646),
('XYLD', '2021-12-30', 0.4577),
('XYLD', '2022-01-24', 0.4808),
('XYLD', '2022-02-22', 0.4835),
('XYLD', '2022-03-21', 0.5014),
('XYLD', '2022-04-18', 0.4947),
('XYLD', '2022-05-23', 0.4411),
('XYLD', '2022-06-21', 0.4223),
('XYLD', '2022-07-18', 0.4386),
('XYLD', '2022-08-22', 0.4338),
('XYLD', '2022-09-19', 0.4046),
('XYLD', '2022-10-24', 0.4007),
('XYLD', '2022-11-21', 0.4052),
('XYLD', '2022-12-29', 0.3822),
('XYLD', '2023-01-23', 0.4101),
('XYLD', '2023-02-21', 0.4081),
('XYLD', '2023-03-20', 0.3989),
('XYLD', '2023-04-24', 0.3760),
('XYLD', '2023-05-22', 0.2840),
('XYLD', '2023-06-20', 0.3274),
('XYLD', '2023-07-24', 0.2872),
('XYLD', '2023-08-21', 0.3803),
('XYLD', '2023-09-18', 0.3333),
('XYLD', '2023-10-23', 0.3835),
('XYLD', '2023-11-20', 0.2668),
('XYLD', '2023-12-28', 0.2896),
('XYLD', '2024-01-22', 0.3138),
('XYLD', '2024-02-20', 0.3017),
('XYLD', '2024-03-18', 0.3219),
('XYLD', '2024-04-22', 0.3404),
('XYLD', '2024-05-20', 0.2819),
('XYLD', '2024-06-24', 0.2764),
('XYLD', '2024-07-22', 0.3126),
('XYLD', '2024-08-19', 0.4000),
('XYLD', '2024-09-23', 0.3419),
('XYLD', '2024-10-21', 0.3860),
('XYLD', '2024-11-18', 0.3710),
('XYLD', '2024-12-30', 1.1896),
('XYLD', '2025-01-21', 0.3730),
('XYLD', '2025-02-24', 0.2907),
('XYLD', '2025-03-24', 0.4010),
('XYLD', '2025-04-21', 0.3774),
('XYLD', '2025-05-19', 0.3893),
('XYLD', '2025-06-23', 0.3872),
('XYLD', '2025-07-21', 0.3126),
('XYLD', '2025-08-18', 0.3163),
('XYLD', '2025-09-22', 0.3016),
('XYLD', '2025-10-20', 0.3967),
('XYLD', '2025-11-24', 0.4003),
('XYLD', '2025-12-22', 0.3252),
('XYLD', '2026-01-20', 0.3597),
('XYLD', '2026-02-23', 0.3412);
INSERT OR IGNORE INTO dividend_history (ticker, date, amount) VALUES ('ZROZ', '2009-12-29', 0.5060),
('ZROZ', '2010-03-31', 0.7420),
('ZROZ', '2010-06-30', 0.8800),
('ZROZ', '2010-09-30', 0.8120),
('ZROZ', '2010-12-29', 0.8560),
('ZROZ', '2011-03-31', 0.7360),
('ZROZ', '2011-06-30', 0.8250),
('ZROZ', '2011-09-30', 0.7280),
('ZROZ', '2011-12-28', 1.0500),
('ZROZ', '2012-03-30', 0.7400),
('ZROZ', '2012-06-29', 0.7050),
('ZROZ', '2012-09-28', 0.9200),
('ZROZ', '2012-12-27', 1.0800),
('ZROZ', '2013-03-28', 0.7700),
('ZROZ', '2013-06-28', 0.8000),
('ZROZ', '2013-09-30', 0.7400),
('ZROZ', '2013-12-27', 1.2400),
('ZROZ', '2014-03-31', 0.6800),
('ZROZ', '2014-06-30', 0.7600),
('ZROZ', '2014-09-30', 0.1760),
('ZROZ', '2014-12-29', 0.7800),
('ZROZ', '2015-03-31', 0.7500),
('ZROZ', '2015-06-30', 0.8500),
('ZROZ', '2015-09-30', 0.7300),
('ZROZ', '2015-12-29', 0.9300),
('ZROZ', '2016-04-01', 0.6300),
('ZROZ', '2016-07-01', 0.5200),
('ZROZ', '2016-10-03', 1.0000),
('ZROZ', '2016-12-28', 1.1100),
('ZROZ', '2017-04-03', 0.7200),
('ZROZ', '2017-07-03', 0.8000),
('ZROZ', '2017-10-02', 0.7700),
('ZROZ', '2017-12-28', 0.7820),
('ZROZ', '2018-04-02', 0.7820),
('ZROZ', '2018-07-02', 0.7700),
('ZROZ', '2018-10-01', 0.7700),
('ZROZ', '2018-12-28', 0.9500),
('ZROZ', '2019-04-01', 0.7300),
('ZROZ', '2019-07-01', 0.6700),
('ZROZ', '2019-10-01', 0.7000),
('ZROZ', '2019-12-30', 0.8600),
('ZROZ', '2020-04-01', 0.8500),
('ZROZ', '2020-07-01', 0.6700),
('ZROZ', '2020-10-01', 0.5700),
('ZROZ', '2020-12-30', 0.6500),
('ZROZ', '2021-04-01', 0.6100),
('ZROZ', '2021-07-01', 0.5600),
('ZROZ', '2021-10-01', 0.6300),
('ZROZ', '2021-12-30', 0.6400),
('ZROZ', '2022-04-01', 0.5500),
('ZROZ', '2022-07-01', 0.6100),
('ZROZ', '2022-10-03', 0.6300),
('ZROZ', '2022-12-29', 0.6200),
('ZROZ', '2023-04-03', 0.7300),
('ZROZ', '2023-07-03', 0.7800),
('ZROZ', '2023-10-02', 0.7100),
('ZROZ', '2023-12-28', 0.7800),
('ZROZ', '2024-04-01', 0.7700),
('ZROZ', '2024-07-01', 0.7700),
('ZROZ', '2024-10-01', 0.7600),
('ZROZ', '2024-12-31', 0.8400),
('ZROZ', '2025-04-01', 0.7800),
('ZROZ', '2025-07-01', 0.7900),
('ZROZ', '2025-10-01', 0.7400),
('ZROZ', '2025-12-31', 0.8800);